roc_auc,f1,f2,precision,recall,fraud_catch_rate,false_positive_rate
0.9905178957202079,0.4067796610169492,0.379746835443038,0.46153846153846156,0.36363636363636365,0.36363636363636365,0.005394990366088632
